student_id,name,major,gender,programming_skills,framework_knowledge,system_design,problem_solving,communication,teamwork,learning_ability,leadership,work_experience,internship_count,project_count,certification_count,responsibility,adaptability,innovation,overall_market_activity,industry_market_activity,gpa,research_experience,competition_awards,technical_score,soft_skills_score,experience_score,personal_score,market_score,final_score,employment_level
CS2021001,学生1,信息安全,男,89.18928515898105,73.18190702806812,81.2370555126167,65.33249377086142,79.94089493290387,98.79508386871063,83.91406934871804,71.98299628517474,65.91400061913288,0,2,2,64.51093253396147,58.29230295981313,66.45098635212253,81.37125573665075,76.35793313694069,2.5196915434489813,44.72790602661355,0,78.43,84.25,56.37,63.23,78.86,74.89,良好
CS2021002,学生2,信息安全,女,93.7106986620067,75.3174024405301,72.57353822080754,82.03816910089331,95.09695639138297,81.8725081261247,63.943378496310295,65.97607280780713,57.40847688575239,2,3,0,71.86960246645063,70.45390937554802,89.28508132545277,81.84008568796274,78.13203949685469,2.9937106963770668,57.4448986701106,0,81.49,76.62,77.96,76.67,79.99,79.05,良好
CS2021003,学生3,信息安全,男,68.76463876079505,63.789677838607645,61.53306466385526,73.95085124667794,86.48177991295428,73.65095214814662,76.25245990454187,58.84550372456927,45.52825335861249,2,5,1,69.28056824300997,96.58367557154173,59.14458506307029,70.62890301523751,88.1602504539732,3.78778725655792,42.292660044676055,2,66.75,74.68,93.21,74.43,79.39,76.87,良好
CS2021004,学生4,网络工程,女,74.39666967427986,78.25713986895397,61.73605601307042,63.28065586854085,85.69429094781557,66.09150884314354,96.14435591105881,72.94262082908823,45.18725419364235,1,2,0,69.77391575127201,72.45825836423275,77.41928468405227,80.81909263832712,83.22740241857426,2.9103522746761845,70.60210188211491,0,69.97,81.38,48.07,72.87,82.02,72.87,良好
CS2021005,学生5,信息安全,男,80.04243698217074,77.2772419743063,73.5305347290781,70.7524087627627,84.19019121659493,76.68489004101002,82.41401727302473,74.79244999683357,60.734739220459375,3,5,1,51.417393090612705,90.32911080687315,80.12669315757853,84.74647955505537,77.11125771032452,3.827125702907466,52.91883337192914,0,75.87,79.9,119.29,71.7,80.93,84.29,优秀
CS2021006,学生6,信息安全,女,84.97580063692949,64.62998419614236,63.79820380002097,65.04996594989815,93.31560433562098,68.02812341285387,85.45076262245536,63.37886394826083,27.846467023862807,2,5,1,88.982123181392,62.01774006275832,90.36725562461702,75.31022737170159,76.59389698575065,2.6357801671668817,86.23328870455684,3,70.61,78.65,86.14,81.31,75.95,77.22,良好
CS2021007,学生7,计算机科学与技术,女,61.362459963345145,99.20727160139344,52.170440797640644,67.82742297332102,74.2015249757778,87.62898117711904,89.17121396522421,61.15537514486002,39.92108973026443,2,5,1,84.63986319784802,66.71517132000506,63.406425726828786,69.32159379111818,71.43758827394416,3.0888136781226554,33.91529291578764,0,69.82,79.44,90.97,72.89,70.38,75.39,良好
CS2021008,学生8,软件工程,女,63.23023514801305,75.822162038584,73.33621079786762,72.05191752803921,80.49339001172906,79.61503452968867,82.2801584004948,73.20567402247906,32.58606537805136,1,4,0,74.86577386658632,65.23073634850253,67.45560261833428,79.56124151223064,68.87745171334456,2.7413857536147397,59.1477040270978,2,70.67,79.35,53.03,69.75,74.22,70.73,良好
CS2021009,学生9,网络工程,男,84.6578911101917,66.98297635137511,87.76237381285647,86.94286924732933,68.93633225786446,67.86000243035816,89.41225672640263,61.883706546893166,16.977332532381123,2,5,1,85.68653947122691,72.33259707658733,79.62871394311767,74.2863090946997,90.73651425403267,3.5609348921107884,71.43491358026584,0,81.47,73.4,81.79,79.86,82.51,80.06,优秀
CS2021010,学生10,软件工程,女,55.873306465283925,74.27963363043735,58.2016832779388,59.35944569505746,56.077661487809756,71.07213046610289,81.27445636355085,72.68911494057024,26.031984903917117,1,3,2,87.58484458621396,69.18040954403445,60.626630847302735,79.61851559223389,81.57903330759518,3.4771907907500377,71.11057144023435,0,61.75,70.71,65.41,73.98,80.6,70.97,良好
CS2021011,学生11,信息安全,女,59.39102872105107,80.75722908553357,56.74274807435451,70.55335398464611,70.61655748981005,68.56570314995133,69.96311357854867,68.99962675158889,63.31900861487871,3,2,0,77.6775171397234,81.01660319501657,73.33456089765198,71.07766719996924,81.04214924065228,3.3833095103671957,69.15034341866277,1,66.3,69.58,95.33,77.38,76.06,75.35,良好
CS2021012,学生12,信息安全,女,75.9158087994461,68.4364061273742,78.51977031852299,70.4322009882428,77.78432472201793,97.27025090452042,75.60722138100677,58.92740135970689,25.576641901014167,1,2,3,79.11222140823841,84.5067169983051,79.68704886530527,83.27231728435441,84.00734604148433,3.472691131000657,46.816304134276045,1,73.6,78.23,70.23,80.9,83.64,77.76,良好
CS2021013,学生13,网络工程,男,78.31675724582897,56.728669013965856,106.60781455743181,72.84915921330148,69.03274187823295,71.9109160960241,78.2309861031417,72.76259168817377,40.020623841655,2,0,1,82.0216336526598,58.1838592352898,68.5636659265821,80.37553563184116,75.21138402875238,3.240339282945063,60.77730071487036,2,78.9,73.26,66.01,70.83,77.79,74.7,良好
CS2021014,学生14,软件工程,女,76.78114206712021,73.82020946598624,69.46481012892674,62.890848790598525,80.85355283272591,75.92716937623467,76.33585240595997,65.94829211442976,66.07183674352622,2,5,0,67.628036180403,80.81590385217909,55.37786874089324,78.59340785048204,74.43283085485041,3.641912212366197,64.96736134691827,3,71.43,75.29,91.43,67.91,76.51,76.37,良好
CS2021015,学生15,计算机科学与技术,女,84.13430959932093,86.80766623585336,47.786617380148186,55.916881808727624,84.03122934797334,88.24253241395793,74.94468692434121,82.41050752725896,64.79620619195752,1,1,1,82.8867986099649,78.17415375776528,57.08906869642508,79.0655513788125,89.7688769564006,3.3661403066394566,44.72452065443582,1,70.07,82.03,60.92,73.73,84.42,75.76,良好
CS2021016,学生16,信息安全,男,84.63298098737893,92.12783683732901,65.83277650317078,67.83190864684465,76.98689128000332,71.51788914329596,80.6313864204524,50.47285479266691,33.11971123011838,2,4,0,62.332632243804085,66.99803436595545,60.12339232074106,80.24031511096999,77.82069703030567,3.03375628464767,78.59021882222108,1,78.45,71.41,73.25,63.07,79.03,74.9,良好
CS2021017,学生17,计算机科学与技术,女,97.54352799613459,72.23610647162306,50.36985870468053,65.05206211870527,86.08527140381145,73.00526418353078,77.11677256666033,58.695198924131404,65.65548207117145,1,0,1,77.33300640734224,70.02831561471173,69.39436790124054,72.59938661831681,81.02482379569862,3.562598516102997,85.70134731089952,1,72.92,74.65,56.26,72.76,76.81,71.92,良好
CS2021018,学生18,信息安全,女,76.41968544432753,66.66984935382732,69.78615076963858,72.7653864413227,78.31652702407276,75.82864868807292,76.71138427866968,80.535534999877,56.81851331506045,0,3,1,68.55336549987591,78.47584602735773,70.48531729559181,70.96040130616856,83.07338288316987,3.502080364246641,72.86137385125838,1,71.59,77.66,47.73,72.11,77.02,70.9,良好
CS2021019,学生19,软件工程,女,92.17011093350249,64.28838325176662,73.67199509867615,86.59012727526104,85.98334123786618,78.68869882981471,82.87133250431127,78.84641893774548,51.927914287316625,3,5,1,78.04362462084895,89.06249147862145,73.09150675609558,71.19149716036299,80.37327410100814,3.5363525289434214,60.020430540154386,0,79.46,81.8,115.77,79.86,75.78,84.31,优秀
CS2021020,学生20,信息安全,女,59.325711670020546,77.64934979953445,43.86871559600135,75.53968889907988,72.38668802263278,73.72790230834431,96.34079444210137,76.5662873765143,15.769206414891354,3,2,4,67.38322479946441,85.92201408367833,66.09218761511006,78.12738200532996,68.74761003126902,3.62371542903777,67.68148524953189,0,63.29,80.74,116.31,72.56,73.44,78.7,良好
CS2021021,学生21,计算机科学与技术,男,69.17895603432159,82.5492098710543,54.54837791912289,71.78901075398693,74.50963701477018,65.06993043753815,72.47313360211993,69.14720407973108,55.74443252778715,1,2,1,68.54116366807199,82.95959332591949,71.69204228410325,74.65734753160613,78.21809492066946,3.4207150513956575,64.03621399501394,1,69.39,70.47,62.3,73.81,76.44,71.1,良好
CS2021022,学生22,网络工程,男,81.52228234257531,75.47190429192621,77.65855360024632,80.32618463984107,78.0421527791705,76.60212740515809,81.42982605645422,79.35145712950562,72.2481997163681,2,4,2,80.31262240168239,71.36801863698012,58.061229611151276,69.78137902726586,75.19046400806049,3.3294739105223923,64.72452330358699,0,78.8,78.96,108.9,70.95,72.49,80.67,优秀
CS2021023,学生23,软件工程,男,78.42068901396787,66.70891952672369,41.54251197260059,76.84355297538332,86.42306228511008,77.44562567608142,72.32518111845445,57.48611519147991,41.626218739373506,1,4,0,68.42575633252673,66.95636561705533,92.06554726396045,73.63267232551037,82.00336142806941,2.8513583799070013,74.89836660972117,2,65.96,74.16,56.65,75.08,77.82,70.67,良好
CS2021024,学生24,计算机科学与技术,女,63.28579230115753,67.55189298554775,74.2284891417441,64.2586742594752,92.8219299805485,80.52161058240586,74.34170825244969,56.55839783622062,59.712585787923274,4,2,2,84.54607658949296,62.735536149538504,77.27377869219418,78.61601224833571,86.71879159615159,3.013941546819069,64.77639881832384,1,67.28,76.95,133.89,75.82,82.67,84.68,优秀
CS2021025,学生25,网络工程,男,90.0292095393207,77.84366474105765,68.59873937203321,62.409009398473366,72.77131264599508,77.13691213243962,82.66019618326264,55.67141806484717,60.72308307241648,2,2,3,81.04433229148098,89.77040231277483,64.18024673524798,75.72881764915167,75.36981820121439,3.0791078451272815,55.92979737283338,0,76.1,73.41,104.29,78.6,75.55,79.88,良好
CS2021026,学生26,软件工程,女,68.64908290482818,84.06664818917486,55.58738779749484,76.11076492650685,75.26569125970539,62.60263981404811,79.29276690859082,69.14181999854033,51.07582865728443,1,1,1,69.95762302313973,67.83369663761547,67.71387635755735,80.14717347380004,92.51047858591312,3.4722947858145305,61.70023511540021,0,70.73,72.08,55.43,68.65,86.33,73.18,良好
CS2021027,学生27,信息安全,男,80.21875391489935,81.78647065717666,71.54706044505173,63.913518687697454,91.09530093401858,75.89998069775515,74.37446165778944,87.93118146951726,61.90669210795764,2,3,1,74.44052430361725,64.20692943729021,80.50474427729233,73.62538886100133,90.64555269242553,3.3998650468226552,61.731159272024485,0,75.18,81.65,89.76,73.19,82.14,80.55,优秀
CS2021028,学生28,网络工程,男,64.26699910325009,86.52657562839103,82.60010953088606,89.11920841435595,79.92202816050197,96.6320223399857,80.19531758810868,78.34553284561673,14.854907131803813,6,1,2,95.34469704191113,82.64554178409959,59.94242903874523,77.93522246244163,74.50854438991095,3.1153979066948505,43.123847227367456,0,79.39,83.87,150.94,80.91,76.22,90.22,优秀
CS2021029,学生29,网络工程,女,85.5973276334945,90.62406702642458,44.50532305136898,65.62036025355155,75.2913812260082,81.55976680221508,81.85622922119583,55.19845250306034,27.152106658194672,2,4,1,64.6357382774738,80.07439648895284,87.83385687678259,70.97389405253375,76.05196387849786,3.450302191734627,47.4840964419304,0,72.59,74.81,80.86,76.23,73.51,74.91,良好
CS2021030,学生30,计算机科学与技术,女,78.56709956278345,53.52727869090575,67.98306454702244,70.0604744761718,71.26908160195373,79.63099953219177,75.6201144591368,90.40349378664641,53.62245027819012,4,2,1,74.80467193935017,79.59826937292084,80.41482618155698,74.59300992531051,77.79008550292602,4.20376982856761,55.32106038304255,0,67.96,78.49,121.45,77.93,76.19,81.56,优秀
CS2021031,学生31,软件工程,女,82.664992162989,81.56538969147114,86.17571528363126,63.455144432978436,80.17164974548315,84.4798250335773,76.34755899882228,62.46232763112911,56.769557683082525,3,1,0,67.73362509203305,61.60963616332837,71.62403661496434,74.41372139800825,74.76740499356966,2.972044320228118,23.368194972071215,1,79.43,76.56,87.71,67.06,74.59,77.41,良好
CS2021032,学生32,软件工程,女,84.4239748580998,62.080798821832474,72.42864782942053,53.865994223082495,85.6829013225764,86.89929668648648,75.97376531660679,66.71906080406379,5.54753015175956,3,5,2,68.7401511057388,78.29642094867802,83.35744734499976,82.35742533774302,82.35687162103224,3.69210215595411,73.34308380923581,1,69.73,79.28,107.22,75.99,82.36,81.68,优秀
CS2021033,学生33,信息安全,男,82.60588849998122,39.74862082266053,59.02751318546635,65.47058034639396,83.77831664345089,65.56895555817479,80.00826960229469,61.67913191399985,59.992492108812584,3,3,2,88.86712614517418,71.10806585157542,68.92658980208934,76.58931300361203,88.49335893339271,2.7607307498772795,53.34211834756261,1,62.57,73.68,119.0,77.56,82.54,80.75,优秀
CS2021034,学生34,计算机科学与技术,女,68.1338497882889,61.97579459131671,79.08974256013222,70.05326762796221,80.47884207274747,61.64089143704311,80.02026253796774,78.47432612849747,47.55834816803628,0,1,1,73.64890716122655,71.34351599801008,92.86162345211892,80.08770559956304,77.45410945080754,2.9121160994796487,36.46949868487634,0,69.72,75.23,34.02,78.72,78.77,69.08,中等
CS2021035,学生35,软件工程,女,71.6803937826604,71.17850325522909,80.32176384631597,76.46278847870461,77.73332849445744,75.41238779412764,92.80732224406422,66.32860701371314,20.48165653965969,2,1,1,68.01108120916801,78.17767759126926,71.19533045319497,77.74391460826584,74.91749973720461,3.6875020514957044,46.50611966920221,3,74.67,79.39,63.19,72.02,76.33,74.13,良好
CS2021036,学生36,软件工程,男,73.03415218839567,66.60565289674724,85.36059763569415,88.23294611205719,77.44910836878815,75.9324452570739,87.96006278841236,60.765969581623544,9.899937074202903,1,2,0,73.05932386475426,70.91256056542771,68.89662259427955,76.76763441733019,71.0360565873519,2.971592939521434,45.79175231946958,1,77.55,76.89,33.96,71.17,73.9,69.15,中等
CS2021037,学生37,计算机科学与技术,男,77.17934707821983,75.47400003804682,54.632607066505926,74.37400590322916,65.16847538479423,71.75197096803521,76.89401396992044,68.06591869016903,31.156257559939625,1,1,2,69.19608092581944,72.34955088712474,61.19437531959854,80.43646368253144,70.76112024339795,3.333935925102546,70.66896390684235,1,70.56,70.91,57.46,67.74,75.6,69.89,中等
CS2021038,学生38,软件工程,女,56.270002029586436,66.57764764193539,82.56659476050348,65.49713328753172,71.1142600154608,66.55621194537564,86.56106054387702,63.31286468424336,49.00312077678223,0,4,0,88.32741916703985,82.69883616358274,62.605464843977586,68.97674413483911,65.9230998667393,3.276667879730664,65.3399508823112,1,67.27,73.05,39.6,78.92,67.45,65.49,中等
CS2021039,学生39,网络工程,女,70.81343582000969,95.18484998765243,38.98184561995783,68.00824795881324,64.64843078209152,75.7363029538886,87.32710549063368,55.44875573038047,23.961414716689553,1,5,2,77.54440967637943,78.13249222585505,60.150426863297405,85.35458284066735,77.59028025193506,3.7836140403918113,47.341905679761226,1,68.39,72.38,74.58,72.5,81.47,74.45,良好
CS2021040,学生40,软件工程,男,74.48547195878731,60.504947986419594,62.168084386489134,46.64727267561025,69.32625228638162,72.5780617060498,64.40897284941441,78.2161601033779,48.20772022782255,1,5,1,82.29133592389617,72.80637682512929,71.98165099490258,66.3134339508438,73.06343612122458,3.608181902166758,91.27172558439779,1,62.34,70.44,74.28,76.35,69.69,69.36,中等
CS2021041,学生41,信息安全,女,81.48375602423894,78.49500269743666,57.57907411406618,81.55494396973057,95.31368498384616,48.94063902277554,77.12676944296213,82.59660610517545,65.97498298860313,0,0,1,73.45415578298865,67.78794094799873,90.73498028910424,76.78698233447294,75.12701959226953,3.3962939375794816,95.15863506334566,0,74.77,75.72,36.39,76.94,75.96,69.78,中等
CS2021042,学生42,软件工程,女,73.52719574199946,46.04717249263651,52.511721668095916,77.34961340590274,74.13761294414147,76.1335593211665,90.75654229252592,63.221050829655645,27.0188607021436,2,2,1,79.81118584422897,75.3670354058203,64.78823297265563,76.63376942740685,79.08969734568878,3.276297109393487,81.7410112944358,1,62.17,77.44,70.81,73.97,77.86,72.41,良好
CS2021043,学生43,计算机科学与技术,女,81.4333886157477,53.312055782062274,62.825681841206034,60.60478629934076,79.02167390554746,87.60777874689067,77.51512903009416,70.46280094810149,27.52086032830342,1,1,3,77.99467332185259,93.25909233315083,65.8850066276281,80.0564120686689,69.45790757622488,2.8645271743827183,54.30302259978209,0,65.59,79.0,66.01,78.94,74.76,72.42,良好
CS2021044,学生44,信息安全,女,69.27105045275512,78.95977474579269,57.49366927479849,82.02945199973183,83.77669658667122,71.77966234669375,79.67934477911416,62.98125214137414,60.465967469034005,0,1,0,67.88330086619808,70.21774953648759,83.23142289819475,78.36854013342432,76.31476004701861,2.980976091832421,40.42358928424206,0,71.3,75.39,29.19,73.19,77.34,67.8,中等
CS2021045,学生45,信息安全,女,82.33413313777821,69.03251177820117,70.60702440525516,97.17655052842841,74.11162106941461,76.3811418520496,90.47616337344573,95.20358129072397,84.29587156406512,1,4,1,83.74568119036425,83.22952788888533,102.78986141027957,76.28105383209099,76.90817753611937,2.8518931100710563,75.612371181438,0,79.05,83.81,83.72,89.3,76.59,80.99,优秀
CS2021046,学生46,计算机科学与技术,女,69.523971535799,87.68566546119845,86.56546671225887,58.10907131630694,78.46939146077112,66.1322329372951,76.87338441002865,93.6401110100614,52.272500652624274,1,2,2,71.63202223642489,83.94459586494814,66.74737681895441,74.78610979356114,86.856255575256,3.393630470135984,58.73251160907651,2,76.04,77.94,70.91,73.86,80.82,76.87,良好
CS2021047,学生47,计算机科学与技术,女,90.16176205823115,64.99966245169561,72.91277379131675,79.99457506670703,90.36721816769325,76.57939600269903,88.92176811038325,55.562331241821816,42.10403507200275,1,2,2,63.198679887574464,66.81467181899681,72.6379587559992,80.02376095965496,84.3594477403445,3.697870947528891,81.54852735798642,1,77.53,79.53,66.84,67.12,82.19,76.68,良好
CS2021048,学生48,信息安全,男,81.23393321826859,79.26183785866955,60.53785921042845,75.85660449236104,84.06273740585942,84.35066588584196,84.73396934842118,73.84978285482192,23.205586005945804,1,1,2,77.67555659506766,79.24153765213629,64.59825650880052,76.62790255650901,76.56088769931428,2.221166428474037,34.82594006712395,0,74.49,82.29,54.28,74.22,76.59,73.62,良好
CS2021049,学生49,软件工程,女,60.1769145891309,51.85034917799992,47.057153621573164,60.246181074924614,85.3966874850553,75.07528288457915,73.58901873178068,71.77685134053345,48.85496974018635,1,3,0,67.70272253902434,82.11262861068771,83.40609668268523,67.59446293995724,87.57036118202184,3.413032555133038,28.468843616850865,2,54.83,76.55,54.54,76.74,77.58,68.15,中等
CS2021050,学生50,软件工程,男,78.76239970159455,73.63186244540259,40.91381093717815,67.60379985812567,86.48261750439414,76.75620830113792,83.80920482309534,83.74584493088747,42.39572577871625,1,4,0,73.92116685799051,92.31618092987664,74.08074814566082,71.27124260744877,74.23584679929671,3.5589000460314364,47.72711500557473,1,65.79,82.7,56.96,79.49,72.75,71.31,良好
CS2021051,学生51,软件工程,男,76.78952712185884,76.9693327577884,90.52993821103992,86.6018600250372,80.42016645966234,75.22908007860127,92.89766659381115,81.67910736346231,116.76465536749336,1,4,2,75.8879693752625,60.80759321924363,73.8238385206183,72.98605929862588,76.33946409484727,2.6553107670387366,35.61749180142205,0,82.23,83.12,106.71,70.74,74.66,82.66,优秀
CS2021052,学生52,计算机科学与技术,男,79.03690513575681,84.36158597502356,57.029809548880536,70.65022338759869,84.73190538812915,73.4930595626944,84.32367668265776,61.42869025631593,80.49732500192036,0,4,0,86.73345845114164,65.06367476036178,67.73226273235831,77.30021968675713,81.13558823970027,3.402383452551064,48.63289080049434,1,73.19,77.14,52.2,74.53,79.22,72.77,良好
CS2021053,学生53,信息安全,男,76.49213421259512,72.20530877068063,51.03883026502986,93.84711013141607,91.06910996415408,68.4695473722706,76.43833486089525,56.791544911676766,30.468837278842408,0,4,0,62.710242730737505,69.04478629260838,83.1385089791151,71.60294869975851,81.47849711403298,3.4220780334526135,62.171030269884085,0,72.53,74.17,32.19,70.74,76.54,67.83,中等
CS2021054,学生54,信息安全,女,77.9771267742184,77.63009465729287,76.27901165573994,67.22583047715041,87.62798656039844,93.9188543205574,79.40910387626724,58.869660496288134,3.2331642229243016,2,1,0,70.97119926702022,77.94828261983685,64.51039767675526,65.85238703582911,81.79785054389059,3.023663405654771,81.31779470451978,2,75.32,80.98,46.29,71.13,73.83,71.23,良好
CS2021055,学生55,网络工程,男,75.17555718473339,62.52923068669685,80.83897922555181,73.76170515684215,78.64471445604424,75.59223988013161,75.59236964513534,47.44982426377699,24.61295691593272,0,1,0,70.98533142844384,66.85946287461181,54.43594421460098,73.90609018334305,64.49505597791085,3.5471511870824672,49.97199593233391,0,73.15,70.73,14.85,64.78,69.2,61.9,中等
CS2021056,学生56,软件工程,男,49.21591178968976,68.05709776154731,84.8091372957525,51.0115281789777,85.16286369148884,71.03219270269882,75.70866414165927,53.63138232477348,29.454454319652786,1,0,1,75.29054441685523,75.41643050391735,60.289585465329864,74.64496629460193,75.21355206536053,3.1432268308771465,53.442741517659556,1,63.18,72.49,41.78,70.83,74.93,66.12,中等
CS2021057,学生57,软件工程,女,99.12174995680047,67.39206175093172,60.14799214478008,67.82470137919393,83.75614613959833,73.09148187446468,92.55609334344454,79.01282848427032,82.51589365662487,1,2,1,70.28553457858558,68.03856906860176,56.609497357285825,75.59454924700728,64.38054900561708,3.2744680114371043,83.44499669258411,0,75.19,82.78,73.01,65.51,69.99,73.85,良好
CS2021058,学生58,网络工程,女,70.91096105151031,100.88432175724054,91.7604310375192,80.62206722194043,70.01848830708828,68.7207792089002,77.33176450874717,63.3048721099878,49.00552577637873,2,1,0,78.3666668624434,76.84431913159935,69.42715857405692,75.84149015647014,74.40169081386581,3.4809211021032893,57.05660016611159,2,85.56,70.55,64.6,75.23,75.12,75.25,良好
CS2021059,学生59,计算机科学与技术,女,68.94474542299413,88.89337092684812,59.32978747866184,60.3201372302287,80.24416106106891,82.1193548919855,70.3839193168619,64.88927159950592,48.699321588106805,2,4,1,68.47485474498853,68.13673897807124,56.63769790356839,71.75993231259407,94.61269817521894,3.2365090988659815,53.46430794874674,2,69.8,74.68,89.48,64.82,83.19,77.25,良好
CS2021060,学生60,网络工程,女,99.10552802052399,56.73477609557945,66.60648792382148,82.02810176984323,68.73664786606884,74.05498689193278,89.24128997196834,49.385509031593706,25.922266814418194,5,3,0,71.14918152231023,85.46043026666608,72.04025273318659,76.91667809763703,84.46700690071931,3.6864687986474687,54.15881119484693,0,76.97,72.35,125.37,75.71,80.69,84.3,优秀
CS2021061,学生61,信息安全,男,78.59893709180596,78.24635153584398,64.74367306358388,93.91200346820266,82.96106973287382,77.48969039272251,68.80393883316376,71.56253819696879,36.77968033238853,1,4,0,53.95859787133622,72.2166099094695,85.50639598216742,75.66105094501476,64.89075027162785,3.1765435295342717,55.02572186007032,4,78.11,75.07,54.71,68.9,70.28,70.72,良好
CS2021062,学生62,软件工程,女,83.42244043969706,68.63848166179375,71.88431323628885,94.50822256028593,83.4980997522171,69.30552199766875,79.79717109673732,86.60326962129781,34.854997143267894,1,3,2,70.51826499202122,63.74711398518244,93.9953011098427,73.29667019008453,83.02619485010071,2.692409977701348,73.72380747122905,1,79.06,79.46,68.94,75.53,78.16,77.0,良好
CS2021063,学生63,网络工程,男,69.77208114135753,63.99033884510446,64.6678029417991,79.3626924068023,73.210882670274,90.54221122726653,69.67482000460546,71.23090212263325,51.168551427977384,1,4,1,84.28932390100903,67.43769007880424,62.967256826388294,78.6061453488573,72.65658661046277,3.157267353208725,78.1373065378794,2,68.97,76.09,70.47,72.84,75.63,73.0,良好
CS2021064,学生64,信息安全,男,78.06744138305059,50.70495737343284,69.86809761387283,70.64499151088307,84.63402353725598,77.80314294311802,84.06284790037681,83.20779631206885,65.97449985521092,0,2,1,78.05426007913515,85.76737776479558,61.97070540888132,75.63720671428737,90.23102235050833,3.250285102926804,58.15784610458354,1,67.69,82.47,46.39,75.54,82.93,72.81,良好
CS2021065,学生65,网络工程,女,81.57023187784232,76.38700254439621,90.513335880467,78.37072301177548,84.65576450513919,61.81509700747374,75.78650068207877,52.013337894121975,15.124042097629857,0,2,0,81.78773235447731,80.22660410207422,68.28133767208587,76.63988072971961,79.79049823624085,3.261467360227364,49.09179020724214,1,81.87,69.76,16.05,77.27,78.22,68.02,中等
CS2021066,学生66,信息安全,男,68.86026841917771,85.46644666044838,82.36111405560064,84.55420854561858,77.93209854986976,63.2273849611135,81.17795397604166,75.15931089406808,75.28823739391046,0,2,1,87.03979382484822,72.35473127125972,72.55461793896691,79.04479020547716,83.65783877346058,3.5604278143591848,55.900981312008085,0,79.53,74.68,50.12,78.29,81.35,74.57,良好
CS2021067,学生67,网络工程,女,70.05869629958218,61.40642139891901,66.83601008496085,53.6783208603393,91.622276624829,89.05865627883406,85.49602789326521,46.61559822758269,50.14158002682193,2,1,2,82.87886670394506,78.4970906342435,86.8900891811974,76.66288131195941,83.3355882189779,3.7081535538120955,64.48314339730445,1,63.81,80.14,85.06,82.77,80.0,77.02,良好
CS2021068,学生68,信息安全,女,73.37056194754537,61.904167909156236,77.0829178782689,67.28195326222578,74.21737531532546,75.73652605053445,68.8339908521353,73.09951598320082,73.77250698261749,2,4,3,73.07078549559907,64.76480587980326,62.64388783711854,78.5821099248457,76.06674213359109,2.6792427416187463,35.41099214005811,0,70.21,72.76,119.51,67.45,77.32,79.97,良好
CS2021069,学生69,网络工程,女,63.0353866576102,65.94977286193644,86.82582812754262,80.87240839163826,70.19094572615678,79.60963879803512,100.10866712753335,69.85407418345186,44.59452778318723,1,2,1,72.59109989237666,71.91091595630128,80.36772933035179,79.11070083808923,71.32502276209341,3.2441264436028305,65.55838323988465,0,73.28,81.45,57.84,74.72,75.22,73.32,良好
CS2021070,学生70,网络工程,女,83.55110496026317,77.65422302165588,72.87588855355666,57.622339861144326,95.58537641855787,67.22345350779594,78.45275933779295,67.69818457964384,44.02924337726809,1,2,2,65.35466192640035,54.744826740924324,77.61343116105925,71.81692558615094,77.43918840815465,3.3004902148351607,40.77067176820943,1,74.22,77.78,67.61,65.85,74.63,73.23,良好
CS2021071,学生71,计算机科学与技术,女,70.40723446097225,79.02156968386561,92.23575371194804,71.54274697336427,83.76559667543866,61.13080366905598,78.8381667766667,79.3079600279783,-0.6930547665388715,1,2,3,72.82677752585867,80.32072115492623,58.86640906666423,78.71984195415804,68.0872856067919,3.6584081976775646,54.11825181611718,1,78.25,75.74,59.72,70.89,73.4,72.78,良好
CS2021072,学生72,网络工程,女,93.23216451243093,65.05352700317013,54.78773031719843,74.69050991844904,72.21421975015551,74.3000726199684,92.30434225482594,68.99725816354557,59.58495561272613,1,2,2,86.42357699015045,63.63037548558824,82.50116518143533,68.55267454436363,72.73412554766458,3.0575828406078487,37.83888148433675,1,72.87,78.12,73.83,78.41,70.64,73.95,良好
CS2021073,学生73,软件工程,男,70.158997195799,52.747522566188294,89.2409788753965,47.34372365610301,80.94766681008872,65.17261326452292,87.75917621465858,69.80000886522227,63.58002115888519,1,3,2,70.60893654319452,79.89255316103772,66.49415953830477,69.4279647089934,77.26424238721167,2.9453102047505184,66.88032715297959,0,66.01,76.82,80.43,72.16,73.35,73.15,良好
CS2021074,学生74,软件工程,男,74.94481148430052,72.67566697275272,62.66682256961395,71.41354161662909,89.6556649162493,73.89999254729352,76.52969150520678,75.71674676795075,56.89483433501291,1,3,1,75.93810215783145,57.78930542292125,63.315283989454066,80.72101969252458,72.6645865517983,3.7054443127240315,86.4836675298338,1,70.6,78.99,67.76,66.71,76.69,73.29,良好
CS2021075,学生75,计算机科学与技术,女,71.20773675367175,63.30844838448288,70.33803325259977,84.27830605646788,66.79381793297166,82.45068755053072,84.4688026876645,75.06774566525961,30.06021741405558,1,3,0,78.24869929417396,41.08788151379981,68.54031774540738,63.7375177666752,72.7848572471768,3.1339893995689474,57.552940735213,0,71.63,77.67,47.02,64.19,68.26,67.39,中等
CS2021076,学生76,网络工程,女,84.96299420994119,67.01515020415724,68.38324556506942,65.05786424262615,69.22281316556587,79.23477282591834,83.42992082301924,99.77481246702003,52.96874452410794,3,5,1,83.63476659456686,66.52978561091233,62.34388014990311,69.94049130839221,79.73973097352714,2.4924763276905635,78.99787471312956,3,72.35,82.1,116.19,72.12,74.84,81.6,优秀
CS2021077,学生77,计算机科学与技术,女,75.18111374925039,77.27891561203572,88.84019389749965,82.41389674942278,87.43213299779254,78.14627502620806,77.08946875167554,78.38368707335293,78.24358764234853,1,6,0,74.84669196976898,78.80175698812512,57.06680338907323,78.89470385159214,83.52481069748983,4.05474604640067,67.71825445518193,0,80.57,80.2,81.3,70.7,81.21,79.81,良好
CS2021078,学生78,计算机科学与技术,女,87.36112935830957,62.15712474092264,52.45182897019559,92.5907944917808,58.91126584937639,82.52242965046473,79.9525598062881,71.07133551269916,48.12316828549268,0,1,0,56.525114322804086,61.90732888148102,70.26078917066536,76.58874651710964,73.43805352064138,2.339353529318546,50.30965263265482,0,73.38,73.56,24.25,62.26,75.01,65.42,中等
CS2021079,学生79,计算机科学与技术,女,82.36397216303361,64.06372611280186,83.82408549198601,74.08830462194933,72.81727307061749,80.64707796275971,80.59299894689832,76.0330073962317,65.42686098302664,3,1,2,70.83407925205269,71.6517742227225,55.41781186386615,77.15271517687411,84.7103830209772,2.5237437957997244,52.17335970816526,2,76.5,77.75,111.17,66.45,80.93,82.28,优秀
CS2021080,学生80,软件工程,女,95.65554246073631,70.57028257045454,72.07702062490858,76.96099208136809,86.3720100900687,81.35694172963669,82.63465928280644,50.781232921071116,64.63029833121887,2,2,0,81.33165866314718,75.98052802779452,61.3652996681284,67.47950640653674,77.75288883414858,2.8216715551617875,64.97126288764562,0,79.75,76.88,75.85,73.74,72.62,75.85,良好
CS2021081,学生81,计算机科学与技术,女,63.623084669711076,70.2598075958273,66.8122767498617,82.87881785111496,60.77545633771568,67.75771395902656,71.5117982038422,69.71329701842356,54.63177020895487,3,1,2,83.84058940205762,72.10314581951289,72.83091781005888,74.21628561837973,84.3936557579587,3.0065903557742346,73.27255190543767,1,69.93,67.53,106.85,77.02,79.3,78.51,良好
CS2021082,学生82,软件工程,男,73.52059351952917,59.30491920213117,58.978432719943925,53.44196909790132,77.55870464471549,100.28469842552323,95.3162415175952,80.2697589557607,9.187787992110316,0,3,0,86.54770700307728,60.12659683899968,71.5398813050893,72.2993536215251,68.96039441112131,3.2488339265287487,54.43470493830607,2,62.32,89.11,18.68,74.12,70.63,64.8,中等
CS2021083,学生83,信息安全,男,80.45421190972282,77.53476871535167,67.30267157764725,76.54598270762094,77.08096539158407,79.35364617769079,89.0807806908421,46.586331197065505,36.95594838103852,2,3,3,77.92365211995869,66.15745138583172,66.0528833544168,74.41102893440048,71.9954710841614,3.2961187763632402,20.902304844669573,2,75.65,75.15,99.78,70.83,73.2,77.96,良好
CS2021084,学生84,网络工程,男,82.08062474586049,74.59308139198133,77.91866150849678,65.19029650202833,82.01672610071027,75.9953029401806,75.65279097736645,48.682656694942835,21.74802040323788,1,1,3,73.07392378773623,73.94013974699885,62.546730059490265,74.30464399744308,75.81923704538673,3.6901113031112147,74.4640072950291,1,75.79,71.94,63.7,70.18,75.06,72.43,良好
CS2021085,学生85,计算机科学与技术,男,71.59806428623187,57.93678534828145,85.0521665841708,78.73221346419886,77.74355271473648,77.1691767420378,79.32810472584217,57.48175241207435,73.92278179749101,2,4,1,58.09364326498529,65.98916506514544,65.77166094248038,76.19464092370046,92.34435927729245,2.6180727654339875,71.16172557907183,1,72.97,74.02,99.57,62.77,84.27,79.54,良好
CS2021086,学生86,信息安全,女,77.70003602093921,71.70269265411406,63.95298489809956,73.18428662878662,80.67502263367783,81.70395739603951,70.64558662555525,66.52353916956613,65.27712071630845,1,1,0,75.43428102425818,71.5354763202723,87.46119498522637,72.32496547645324,78.28081820227794,2.5719138261213526,80.39424530240866,2,71.86,75.09,51.11,77.87,75.3,71.03,良好
CS2021087,学生87,计算机科学与技术,男,79.1053388759685,70.86110062606647,55.19440023941082,64.33443285496881,89.82814385172487,66.57517358705266,78.84247453810549,69.94528106501295,6.677926588894195,1,2,1,71.44689195898675,79.77986829100121,73.26227724350507,77.4685204248043,73.27814107240184,3.106338516643887,59.778255152957655,1,68.11,76.74,42.67,74.49,75.37,68.84,中等
CS2021088,学生88,计算机科学与技术,女,85.91766258247242,68.1308626918892,73.4250989133338,62.390122337687295,82.91912479684014,67.95141297477994,84.5073147146032,62.54924486544592,50.11898367260997,2,3,0,88.11303970080024,66.77604981908678,77.36714849556414,76.80754339603281,87.15077463517036,3.5290292153611524,61.246492543630346,1,73.64,75.58,75.05,78.49,81.98,77.23,良好
CS2021089,学生89,信息安全,女,77.01291850082147,64.31786753042287,56.768326354529876,59.27757065485372,74.70143118296221,86.67071420467985,75.83056235056098,70.17146563835716,43.47299906216047,2,1,0,70.38481626643869,84.95953591471056,65.2937916877164,66.813978720228,79.24796603391913,3.071301200062715,58.43234698312018,1,65.23,77.13,62.39,73.23,73.03,70.32,良好
CS2021090,学生90,网络工程,女,75.20362113947213,65.32486124212234,67.09116526101795,82.78432997768971,71.04348429390734,66.75212144946511,77.07393653016221,63.64204628584207,28.92385705764944,2,7,1,86.4809502408787,71.91936098251088,74.4706150958211,84.92135743404422,83.42334993405025,3.2943391503570707,36.7276271869308,2,72.22,70.3,96.57,78.51,84.17,79.7,良好
CS2021091,学生91,网络工程,男,67.41878973874395,66.30366526545804,57.87810046353687,77.10145190080094,82.31297083628357,83.43568147279765,79.22147250706264,70.77100958285236,60.55735848952027,3,5,1,58.50925953644152,73.67153398583287,73.22654563251429,79.38530763867409,66.4007932115709,3.560383714333261,70.11207574924036,2,66.69,79.36,119.22,67.47,72.89,79.04,良好
CS2021092,学生92,网络工程,男,72.7851641318766,68.59200261431936,48.65931296900523,72.91318528868594,81.78091879237931,72.33159191731902,74.79071508373323,79.98561148063156,56.53200650503896,1,4,2,78.71176722882117,77.08305045951079,71.70816158543744,72.67860838745398,81.38477165958244,3.6971519499388683,85.01881822816723,0,65.73,76.96,82.61,76.12,77.03,74.94,良好
CS2021093,学生93,软件工程,男,66.76536564862514,73.2817204488435,43.893034107149155,50.127247305529096,69.05997293536511,55.76288051438498,80.0951562538397,47.61263246472542,32.800634388765026,0,4,0,66.59692311254452,84.09914805547731,70.56852396492128,75.20714371933407,72.96319897307468,2.960115455370738,54.343654456090704,1,59.35,64.76,33.12,73.04,74.09,62.29,中等
CS2021094,学生94,软件工程,女,83.20111960201613,55.17647172949498,86.3899859752101,62.73342984984925,69.30409159447267,81.77842782272889,72.76581790842862,78.7974963103823,42.89238869868714,1,3,2,86.42175045600908,52.63446461148271,76.02529097211311,74.06488475062224,76.56588162643654,3.5262742107382294,81.90000948472529,0,72.9,75.36,72.16,73.17,75.32,74.03,良好
CS2021095,学生95,软件工程,女,68.45442257558172,69.76769847360588,75.27821685933223,71.36405780365445,80.20997164916139,72.5642415063343,77.44834219212208,70.645163503202,22.614605725310554,0,10,0,58.34178384048239,61.899980129930825,60.861218345425996,72.9307385898586,79.50607853362767,2.144174879416729,44.85404783798288,0,71.07,75.56,59.05,60.17,76.22,70.62,良好
CS2021096,学生96,网络工程,女,81.25526321839665,59.41018874724297,68.50908098233732,67.23609864120829,77.88378152377663,69.26650711837402,75.36469434582236,82.70528766433708,58.938450859740584,1,1,0,64.86235857238681,64.5444148616789,81.48501430345519,75.19655920745008,83.77219443875055,2.976975118867887,51.42259464771949,0,69.8,75.94,48.58,69.75,79.48,70.75,良好
CS2021097,学生97,计算机科学与技术,女,65.7404979133682,37.03439724103966,90.0332867123652,82.8461861333466,68.48548802145186,86.50573486376717,67.63331992367038,48.76078989357845,76.95145509365305,4,6,0,78.16231178903845,62.19062038176165,65.62353226653084,69.60270025292907,65.6704547093576,3.429716902276166,87.42654760411999,2,68.06,68.79,140.78,69.61,67.64,79.14,良好
CS2021098,学生98,计算机科学与技术,男,85.89703056037128,66.61653652475984,59.75585501124902,52.87874886829302,88.8180859729907,66.89179523129371,72.55526423228092,74.23848443752006,29.086067949393435,1,0,0,66.5037651440871,80.65360384696095,64.39889242346916,77.86878113892098,71.89309033428265,2.9083794524014723,71.14633328250183,1,67.94,75.54,31.63,70.12,74.88,66.31,中等
CS2021099,学生99,软件工程,女,78.22167380073586,79.15630356181242,77.66942510812737,76.04595049053282,75.26673852160492,66.59294583219307,79.26199988040341,50.163583987887066,38.81663998229808,2,2,1,78.96572137630801,60.986097178690386,69.73282651474861,80.52486724510358,81.25626252298072,3.12075228277547,41.78264911154139,0,77.88,69.28,75.53,70.8,80.89,76.0,良好
CS2021100,学生100,计算机科学与技术,女,70.36286042287368,79.90256999140524,75.38423965986944,83.90080197030436,69.94246239890217,77.0052131960733,74.60639273679067,35.13747683244096,33.57076937394034,6,3,2,85.64414889434792,82.78806012512167,77.02111487702567,76.26694878205187,78.17813970387104,3.0333945026110927,63.882715549233346,1,76.71,66.15,168.43,82.2,77.22,89.06,优秀
CS2021101,学生101,计算机科学与技术,女,70.24144217350717,89.69146327609613,64.00221889071432,74.94361282520019,78.41815260109541,84.69790123285358,86.40561787633521,68.49649525640076,40.82693557047435,0,1,1,82.04284743411539,66.75094589730556,69.5370073055879,78.22793044944133,78.82272005071425,3.1699113873454134,76.47710503810717,1,74.48,80.4,31.33,73.7,78.53,70.33,良好
CS2021102,学生102,信息安全,男,95.29792288549974,57.591235238234106,68.80121766118424,78.25676647388553,86.00853548998626,69.31511267017787,84.04441533513362,81.54496849870301,51.445225239815315,0,3,1,89.41281553142821,82.11292358784962,65.10220901611865,85.0012904824008,74.60315390577784,2.747991063280046,83.85545747258335,0,75.84,80.35,45.58,79.93,79.8,73.8,良好
CS2021103,学生103,软件工程,女,73.48560227058618,58.93964619576509,55.54969546110398,59.959946464115475,86.0256245583934,68.30219347470619,81.84009256121799,54.41378712835676,38.68791528501657,3,5,2,66.06394815663708,77.24561156451284,79.14112427649611,71.10549153674972,75.36986939099177,3.001854599845395,44.060208803356524,1,62.66,74.02,120.48,73.34,73.24,77.85,良好
CS2021104,学生104,网络工程,男,88.30146718471408,65.04763718121637,114.09806215851532,84.24340018821822,73.40659291332986,67.77007078229272,93.35785015653451,66.2205972511176,18.267970924430248,1,3,1,77.40241635852864,53.8534220356695,54.813206195226485,77.16345569724504,71.80686210271939,3.103969370311511,67.15059135646851,2,88.13,76.55,52.31,63.56,74.49,73.89,良好
CS2021105,学生105,计算机科学与技术,男,75.85389598229203,66.11137966154106,42.55862769155199,76.14311012106029,66.65276610506785,74.38886704789513,77.56203662911663,71.15074838558742,30.146213726577066,1,2,2,71.10250731392772,65.33086258490584,76.4964259443354,73.20786335510593,79.3126029097109,3.630654119667667,54.95133543387102,1,65.15,72.76,62.06,70.99,76.26,70.13,良好
CS2021106,学生106,软件工程,女,73.41942629076055,52.2536115743834,102.32841414069412,47.04213160834672,77.7888814097548,80.42660791493566,87.08346904704273,62.18438124903546,59.13727402470076,1,3,2,70.0982628448167,64.55691605124102,76.61075228424582,74.74807700961868,73.6594982455606,3.8512847891506636,64.18679433482457,0,70.08,78.12,78.65,70.39,74.2,74.24,良好
CS2021107,学生107,软件工程,女,54.80610711636706,71.19578443707594,62.66333455339178,64.2952363018623,75.9410911258097,50.16941739286346,79.60598222760122,84.11197807984998,59.351528377869855,0,5,0,71.57895011388183,73.95138365961579,88.20241702683276,81.59486036672635,89.66578303901285,3.3799105981636677,35.79107679419008,0,62.77,72.23,48.74,77.28,85.63,70.87,良好
CS2021108,学生108,计算机科学与技术,女,68.46861869189412,80.44331358312212,77.8657642120123,71.74005057685986,68.48396373984662,66.13785857530847,65.00501545405504,66.31086652477627,64.17427403959351,1,1,2,82.73271160682768,62.210016941075864,71.36818061388738,79.78783372061741,79.5440874829579,3.433455897017362,53.547029179305596,0,74.47,66.42,70.67,73.17,79.67,73.72,良好
CS2021109,学生109,计算机科学与技术,女,81.8611190559184,70.57004498078973,55.56353557531666,84.22896154840274,71.4724079703824,76.21720730290436,82.71648774535707,82.61060842999771,61.889101633050025,6,3,1,67.80495322067598,69.77171780798119,61.60018196170611,75.34274560798734,89.52916090261859,3.1295980750451258,59.315749124292715,0,72.94,78.26,169.76,66.53,82.44,90.73,优秀
CS2021110,学生110,网络工程,男,77.07818856072943,67.16597968198126,74.710486539337,57.45699853131939,75.61642302692837,80.50617744565952,85.9817407751206,45.43397751408196,27.43855260248008,0,3,0,69.77631468286988,73.32956987104444,85.73592275012508,85.74121536340753,77.44778378352254,2.972410886351736,66.00841854303876,1,70.08,73.91,25.98,75.63,81.59,68.24,中等
CS2021111,学生111,计算机科学与技术,女,63.13666395124298,79.5750336069636,58.01376693651377,61.52645163862021,76.47043201454387,59.69099778776972,80.43320168497175,80.50716090656422,9.750113979284784,1,2,1,75.87702497669274,95.33769543309745,77.66058266314792,77.43552895819478,82.72922310114058,3.17009029104486,58.4626466683128,1,65.64,74.27,43.9,82.25,80.08,70.1,良好
CS2021112,学生112,软件工程,男,62.45325548845649,57.74798416531188,86.83357054325471,100.26422324275087,84.86370969312172,73.70107483817249,91.87978761942594,86.63795471289404,44.50625652201004,0,2,2,79.30491093783982,68.21640589468022,84.13835474582436,69.76666096347563,74.89566543553975,3.3423980507406874,43.79634624409347,1,74.93,84.53,47.8,77.43,72.33,72.25,良好
CS2021113,学生113,软件工程,男,86.99091397042193,74.698927724985,57.929379459182115,95.12722186623988,64.87777660040248,59.966983687917725,74.13776462904478,89.23490437716906,45.94785764993216,0,1,1,67.88074216331785,80.75445410941929,74.77314696136278,74.60508619636342,73.49883560799746,3.4978407436428323,45.23114708841817,0,78.28,71.3,33.38,73.81,74.05,68.43,中等
CS2021114,学生114,软件工程,男,64.18296635989515,61.017664045499345,44.641558274176504,51.82067877277461,87.51778285178426,80.57834854905286,89.93425629605707,85.6802744312826,19.326873562357004,4,2,2,78.06764738414552,79.51639212390829,64.8719364788295,67.6006954087192,65.1499322519439,2.815070528775839,78.03843772753294,1,56.03,86.14,117.73,74.54,66.38,76.26,良好
CS2021115,学生115,网络工程,女,55.16861844374603,89.91217444102006,44.797433628779466,72.43964313215626,87.47078612841065,74.09465302519968,85.46859319423754,69.6208454983288,35.68930346222501,1,2,3,77.27469306191662,71.47250958781189,84.5482875870047,72.78815039280835,69.57535772678769,2.688774092816035,87.6731264282682,1,64.72,79.96,74.28,77.72,71.18,72.44,良好
CS2021116,学生116,网络工程,男,61.17575423155493,53.84291167467637,51.06715938602094,67.78070212678111,81.63546318583322,75.77286784461297,81.27647878205872,63.5694752813613,66.1796508696207,1,2,1,58.65064129270803,68.92605112633734,69.94674181625071,75.78249279407846,79.15510952011236,3.0829704966244287,59.00093228636049,2,58.14,76.45,66.47,65.12,77.47,69.55,中等
CS2021117,学生117,网络工程,男,80.87367730100289,80.26654910742734,73.48374039036527,85.15871940183953,82.21754430221618,74.69358372969326,71.5132611585467,65.36520731454289,30.55134335467531,0,2,0,81.03191581028716,80.95431337264681,72.53723607858778,77.37460486866576,81.78508842438671,2.4103244882867583,48.41540201986053,0,79.73,73.75,22.22,78.46,79.58,69.74,中等
CS2021118,学生118,信息安全,男,80.72121346802176,63.75605047275085,92.06694978648096,70.9918274260639,77.71516719072612,76.22913424860572,83.95251193736935,54.59532482565043,54.280358027187965,2,1,0,72.15484083728984,67.08481231233898,70.02152601447058,71.35867189866725,69.3848813138507,3.203138860824338,82.20457529174277,1,77.37,74.59,66.71,69.99,70.37,72.38,良好
CS2021119,学生119,软件工程,女,72.88534573393086,72.55945115345196,63.85086190577215,68.02626114826884,74.56752470506876,89.39307848436525,72.01886584437672,62.11173753998652,40.075438944419375,1,4,1,86.28470027607958,83.58794401294324,75.21500718353391,78.24081990102586,76.87683336191141,3.4545107453963677,67.08858263610976,2,69.57,75.02,66.03,82.15,77.56,73.78,良好
CS2021120,学生120,软件工程,男,72.31960728608294,59.16865991858555,64.30808376732556,80.30619358087101,76.9298701890706,82.40490334929257,86.9000314300308,58.216912471001386,74.29820890400627,0,5,2,84.96245827245426,75.60105978525563,82.96042979916194,67.67764548953134,84.67280682184293,2.5697630368403748,52.190376810961375,0,68.63,77.55,74.72,81.55,76.18,74.88,良好
CS2021121,学生121,软件工程,女,67.80723453440595,61.459096706612634,66.13533766840273,70.93512782089498,80.14232905327509,86.74959362804422,87.54091396652083,56.26809526244304,93.4983977788466,2,2,1,67.78969093606848,59.56459039962156,74.00840549430234,76.4514652768926,84.93659562756703,3.0130526361769943,94.69682068368556,1,66.43,79.24,97.4,67.19,80.69,77.99,良好
CS2021122,学生122,网络工程,女,73.69652236640772,80.03810264252863,75.75917699866896,64.81037554782982,78.03598593719403,75.33999383091371,88.64402030170066,65.04572571961926,71.17953871189661,1,2,0,71.54555208192076,67.33267375917221,90.10154044668464,79.27944115144419,68.90795731695084,3.3209250440152176,48.74603192589699,1,74.02,77.95,58.47,75.85,74.09,72.68,良好
CS2021123,学生123,网络工程,女,69.40227924150844,42.744297847336576,90.97091348203426,85.97049601332053,80.85810382158371,88.37834475358844,89.82263624122916,94.72513419803224,55.534468788057374,1,1,3,81.36233332100569,77.87416110166463,75.08218302309119,83.60336995623445,79.20795510216566,3.5119707581901816,84.36160173759136,0,71.44,88.2,77.21,78.43,81.41,79.35,良好
CS2021124,学生124,网络工程,女,71.05849585996769,79.33036704131105,65.70003797602568,71.9560746646971,72.23914348591872,90.39345986265786,75.41798780237171,71.85791986913692,31.721238586729054,1,5,1,93.50683653740504,84.37841014794651,71.81485576265736,71.87024438360159,74.71899689277589,2.5866734881115634,63.785454314567886,1,71.97,77.66,67.69,84.26,73.29,74.09,良好
CS2021125,学生125,计算机科学与技术,男,73.7277885684708,55.014126524386114,73.09742739127212,81.7389456892059,75.4150970751556,73.64111892812038,82.18074731103432,72.72668129605253,68.09411631054894,2,1,1,76.29254534389649,85.66261529526813,66.3225312516638,69.82756772665697,78.38697381553592,2.5104026526323304,89.47438179764521,1,70.49,76.46,82.24,76.11,74.11,75.1,良好
CS2021126,学生126,计算机科学与技术,女,71.21534285040491,74.98780249186426,83.15138407324946,88.30489432411468,78.94176900206892,79.54503962123883,86.65208428642696,51.7924335003227,33.63016917973856,3,6,3,70.14296253341269,60.918113067099675,67.47037206312545,77.04193275979381,76.30618744207628,3.6138911555881585,65.60060017196355,0,78.56,75.98,133.45,66.57,76.67,84.51,优秀
CS2021127,学生127,信息安全,女,72.73090801120149,69.63515821429178,26.32667461790418,61.418552908222566,69.55284239974732,82.54928744411191,70.10183614316932,50.840990169849476,72.0393390706257,1,4,5,76.9302701203766,73.44137082902752,79.63300845733083,76.37884857798905,81.1574252934977,3.6121770054701754,82.73118660624678,0,58.09,69.22,118.82,76.69,78.77,77.49,良好
CS2021128,学生128,计算机科学与技术,女,77.67898536089723,74.92538295853221,68.06249984032736,66.66818027083033,66.75907129360249,105.660881068886,79.75345088580167,78.10432182619357,73.51750365370805,3,1,0,86.9787176328166,80.0111667338632,87.62594613853648,80.18608043690023,73.69068031647747,2.9984372782936903,42.113665499881265,1,72.38,82.65,94.41,85.08,76.94,80.38,优秀
CS2021129,学生129,信息安全,男,80.65402784627041,62.343511616814396,71.25019313106594,79.15376589413395,69.68275689352147,67.34858177408812,83.22984529265656,76.34147030840134,37.50343729809485,1,5,5,85.20276571792378,79.82059747033927,66.37170752810583,74.10320247870486,80.4668603539027,3.0348919374275334,72.18296725214387,0,73.43,74.5,110.0,77.94,77.29,80.73,优秀
CS2021130,学生130,计算机科学与技术,女,96.21056592894692,71.00237186971093,68.20038697363898,79.05584000728109,73.34198279895384,77.83262543869165,70.34498054789458,92.5871892601252,35.27794631749305,1,5,1,88.098292494813,79.13979153276591,60.19025308127949,77.5136706616651,79.9224928956163,3.1658803654096794,76.56351153466838,0,79.48,77.41,69.11,77.04,78.72,77.04,良好
CS2021131,学生131,信息安全,男,74.88663879033837,75.23321001163669,58.02795058431418,79.17459587814669,78.60852558067539,81.2759771847263,71.68667902826819,62.64831025767143,36.932424823450525,0,3,1,85.3325627209146,77.22681660136914,88.44443175745812,73.12718888501517,77.19715879779957,3.284851990833829,54.79877716719065,0,71.62,74.01,39.77,83.83,75.16,69.6,中等
CS2021132,学生132,网络工程,男,69.2466470269799,64.12049862841269,40.99613213473706,55.25142604645892,91.02518806064556,82.57234132753325,82.37303537683016,54.56731224244304,51.43258185330525,0,0,0,67.8275991451066,76.01076011121022,62.0187843372981,69.88314335072887,67.85835191890092,3.189639852925423,45.83349709536186,0,58.1,79.02,20.57,68.54,68.87,60.93,中等
CS2021133,学生133,网络工程,女,73.17623157307395,63.1491355362344,61.46382392131605,79.3356733223478,79.90623585829199,66.25769407949811,90.63549229357531,75.35724776481244,67.3733680819407,3,0,2,79.17054168124396,66.99359662739357,70.19327086515484,71.66147536880393,85.26480788709807,3.416489524848793,49.83681552637118,0,68.97,78.8,106.95,72.82,78.46,79.87,良好
CS2021134,学生134,信息安全,男,90.91213411532772,50.4136816951215,67.0617399095264,63.442562059907466,72.6769600890064,96.42141830853197,78.0640190934631,64.77432969231415,53.62405150119433,5,4,2,68.79058975326285,58.87347677105862,60.22327603537259,72.44162243529821,68.42160765160256,3.0908659753596175,60.299583521148186,1,69.33,78.65,161.45,63.25,70.43,84.73,优秀
CS2021135,学生135,信息安全,女,77.27322584762459,57.52020643754085,81.98265145422592,80.11728532903305,89.81334820439498,78.07409328305945,87.13154744108672,66.29322169611719,70.67667482870483,2,3,1,69.89568566042148,77.92216263823647,66.87339747624836,72.9025321793699,72.19010669685241,2.5359531200398413,42.214473220837576,0,74.08,81.37,93.27,71.4,72.55,77.69,良好
CS2021136,学生136,计算机科学与技术,女,86.36020606623671,75.53255880475916,68.96212990998438,78.4079486952127,75.79629102875151,50.93479767275156,88.58790970554172,73.62511383322371,57.48575840810875,1,2,2,73.12717024653908,78.15376386479502,73.92441604137775,73.57043271532977,79.29870433880234,2.895440895260196,53.000746456498234,0,77.71,72.98,72.99,74.87,76.43,75.39,良好
CS2021137,学生137,信息安全,女,84.40143952362789,71.56390703247021,88.99269590151022,79.07599605574795,76.79385782265005,72.62319614861464,80.80349492318302,81.39311534823493,27.43210139094793,1,8,2,70.58392310099637,65.65559331004877,80.43387540303488,75.443592680731,73.68453865176917,3.167475234614246,63.73785584093039,2,81.27,77.87,90.97,72.06,74.56,79.11,良好
CS2021138,学生138,软件工程,女,72.58363175933476,69.06525544695654,61.97783904474044,62.31154392054334,87.03913995892817,90.22617529864169,81.44754820099924,71.39417593637228,58.15693676713609,0,1,2,74.03986034113697,56.887898931386985,97.35045765020189,85.3444110362649,72.15890120171825,2.7692293921892728,59.50870811598289,0,67.0,83.03,48.26,75.89,78.75,71.81,良好
CS2021139,学生139,网络工程,女,85.03166225321287,62.327699417067066,52.41080535904678,73.38290685110731,80.74492895357785,77.79622376763407,74.98686630441566,50.22745303211654,51.170927975357316,2,2,3,74.12972539645078,66.20738856817925,65.10002766157764,71.05961768676937,76.5622628069987,2.9159232978953953,53.5480228095097,1,68.87,72.18,100.47,69.04,73.81,75.77,良好
CS2021140,学生140,网络工程,女,69.63259689521357,77.60407334178096,77.35052572128428,80.92277042852417,87.80593719555473,85.01747711999992,83.48949800588854,47.89397380011252,46.61282018821074,1,2,2,61.727466744190174,65.42635423115416,74.47845335963,73.73171966628782,82.49056327531383,3.358299968148668,58.856848667962176,0,75.81,77.83,68.65,66.66,78.11,74.92,良好
CS2021141,学生141,计算机科学与技术,女,80.83026289707581,61.74134718220065,81.57707917722162,70.3291288636152,67.03751640003892,72.5462274998582,80.19553609412172,58.809854668460936,48.57298845480426,3,5,0,85.0555432898288,83.89388648593827,73.92433637943137,88.11878986052055,86.3088121105389,3.3683112897199807,57.111053037654166,0,74.14,70.72,104.43,81.37,87.21,82.64,优秀
CS2021142,学生142,网络工程,女,76.20693139902345,56.25436312144753,50.223114468175794,66.85221821512366,69.56006139787954,62.400348445130334,76.10334597757486,77.55958784463623,29.41652936376778,1,2,1,82.74880269019006,75.87330298125931,75.60945279619348,74.64969293559405,73.52171109635287,3.016851554895466,63.232313003519586,0,62.85,71.33,51.77,78.54,74.09,67.82,中等
CS2021143,学生143,网络工程,女,62.57043996208261,75.68118247408269,72.58741520160639,56.45616536029066,77.06229144780734,76.08263719204534,94.23395385869348,76.09188525876445,60.06267112709307,3,2,1,76.81971526942226,84.66655506298261,47.045988430050826,86.19406822664274,80.71913192639991,3.282331186530926,77.24817662396333,1,67.13,81.77,104.03,70.24,83.46,80.8,优秀
CS2021144,学生144,软件工程,女,75.65861211841447,94.97841448093708,50.48256772651135,70.48502728469616,88.33587608298322,76.01185116331212,77.08671626288337,43.56316638623612,33.75753919249316,5,4,1,74.46459153343422,81.03770567025863,67.06042436503951,72.61204303455366,93.41996053839158,3.123725203063427,70.99349298449805,0,73.16,72.93,143.5,74.22,83.02,86.73,优秀
CS2021145,学生145,信息安全,男,81.0012966249411,81.81594418404498,34.262626613129775,73.51346551386817,70.05789045511904,83.84594989026436,88.5579187215452,95.97784613494551,8.805783939393763,2,2,1,99.54308224369275,85.82420907613539,66.30997567374808,70.1542983825058,78.9284928123598,3.5846134581269977,36.821079631204256,2,68.02,84.24,63.52,85.46,74.54,74.29,良好
CS2021146,学生146,网络工程,女,82.79558581349987,84.53829282433186,45.62697900835087,68.3597737482011,74.00153519890102,79.88612791412721,79.69371763525061,64.24060621400515,24.111194567932476,1,1,0,65.33552850880663,93.22153530363971,65.57244531451376,66.34467778268248,81.7224565375147,2.816938726167072,53.77203844507185,0,71.05,75.23,34.64,73.77,74.03,67.59,中等
CS2021147,学生147,网络工程,女,79.40415252297078,71.85152550847302,64.3065494828301,72.91482373221753,58.21919656650413,71.17405593187226,87.49464852203894,66.50809769258568,37.797721636488,1,1,0,63.54901799870389,65.92617517599487,50.156202612430974,71.03750331665742,81.26847425033012,3.092989018803166,79.64824454883437,2,72.44,71.9,40.12,60.24,76.15,67.38,中等
CS2021148,学生148,信息安全,男,68.04260521386179,72.45390262375565,66.45324653696527,71.79542631841677,85.6876942362551,70.2219539954614,88.35703203052091,70.91414202714812,38.22576413572586,2,1,1,87.15049437224168,69.73346298821956,72.30568663725902,83.23896080796435,86.01244120859802,2.5316717460273432,29.59605272236795,0,69.5,79.67,70.29,77.47,84.63,76.99,良好
CS2021149,学生149,信息安全,女,64.17074854927785,65.9707358894421,62.878538040789884,85.97724645102,75.78653100520192,80.85193465888108,81.81665016859525,48.841238021664886,49.208369242028795,2,3,2,76.92109412623829,76.28747579453224,85.19351269467768,76.08957406250059,74.35968717025281,3.3198355507984334,22.929314596054304,0,68.66,73.47,94.68,79.21,75.22,76.55,良好
CS2021150,学生150,网络工程,男,64.78121132202877,60.049188572641754,50.532177706347426,67.30836349128255,81.39755190065397,80.06514589747685,78.66325304763883,84.02899347417876,43.71543673327744,0,2,0,72.20103947267972,55.54144335306842,75.3535843907445,65.37650925014029,88.82373014450131,3.2146128491828683,67.3050397905204,1,60.54,80.77,27.49,68.15,77.1,65.36,中等
CS2021151,学生151,计算机科学与技术,男,82.13046663075413,81.11469312968089,43.374643065427,78.011507794642,76.78806715430854,89.57745954333353,77.43072174176795,72.91432527155543,10.141887114168007,2,2,0,83.3121621210454,69.49198251003861,66.39145356824207,81.16794591417693,78.85885826307769,3.5208642675152415,87.06265810694255,0,71.36,79.4,54.06,74.09,80.01,73.24,良好
CS2021152,学生152,信息安全,女,81.20852151975225,67.60968549075041,73.20551254001413,73.91953321225913,86.55661223746279,69.447079341402,78.75519247116975,54.324286424231104,81.6600306869127,0,6,0,79.01820463681003,64.95499292593416,67.12221498086058,70.59850292769033,80.20208548941658,3.3945567340303002,70.14566561432459,0,74.35,73.49,62.66,71.23,75.4,72.43,良好
CS2021153,学生153,信息安全,女,77.75663624992825,77.10874419520053,60.77795858719981,75.08475711253129,86.17119255025247,73.24753752609354,72.06712222079857,62.599375252618806,18.47342210126325,3,4,1,70.51401464305937,80.32118753464206,59.98418374000112,73.04218876523835,96.21737030878731,3.5530581224906284,77.84615786155175,2,72.82,73.99,97.39,70.3,84.63,80.03,优秀
CS2021154,学生154,网络工程,女,75.14418897723742,74.07111999968531,79.01451036552295,61.67683376425435,88.4516778077387,56.73027912666531,80.58975321988112,68.80287878821599,45.845910225275105,1,7,2,88.69281100950495,85.22874476621301,82.05738506548002,80.48364222909143,79.23030266653672,3.2282502800378396,85.34910413154299,0,73.15,74.23,93.34,85.66,79.86,79.66,良好
CS2021155,学生155,计算机科学与技术,男,73.61376925615465,55.98745057092855,90.81780627167251,56.383295247694065,77.15928909282877,71.096981792558,79.138937849199,63.34102058982539,49.963093209075154,1,6,1,72.7713873007243,78.80550327409816,77.81916680283325,71.7527306028886,75.96572413267887,2.7541276625871234,71.32817183081127,0,70.06,73.47,79.99,76.1,73.86,73.98,良好
CS2021156,学生156,软件工程,男,94.3027225703779,75.82446976858085,90.32591140382215,58.46856035416573,86.24826770593832,77.28889402349877,81.39490083291932,60.68556198469003,39.52843725080065,0,2,1,84.87801403178344,71.34740432709933,64.65525910999501,77.17983362426993,86.5080595250067,3.3902721667464233,55.80144977071487,0,81.52,77.44,35.81,74.75,81.84,73.27,良好
CS2021157,学生157,信息安全,男,76.02357895815769,68.97974146575058,76.60097159944489,50.371159227063806,86.60687825295511,81.51551219047653,68.03156949076399,79.74304457544369,8.21260812537912,0,1,0,63.24676193251868,91.28638270007094,67.24130413776606,69.0591074127242,77.94404751771057,3.0620377258666633,56.55140036464264,0,69.28,78.39,8.29,72.86,73.5,63.58,中等
CS2021158,学生158,网络工程,女,60.1392263621382,92.31739585727158,77.49263679826446,61.11736204348565,75.26891241328046,86.21953788858309,76.99285082104316,70.04985279481912,63.03925468147852,2,1,2,83.56167757119867,63.152195601417795,72.64779755910466,71.60178270328724,84.60578162541631,3.0795366762286283,52.14796996052699,1,72.72,77.48,90.22,74.16,78.1,78.06,良好
CS2021159,学生159,计算机科学与技术,女,87.71698547947304,66.73605640294186,81.94114831253638,57.737426169307824,76.1224597523847,79.73177493960534,77.81286191210718,83.9884452861966,70.95223897744009,1,2,1,69.36511339167552,77.872811998409,72.2620158736626,75.7916419850693,64.83687331555278,3.302257874549192,83.41004502880708,0,75.03,79.11,68.38,72.79,70.31,73.21,良好
CS2021160,学生160,网络工程,男,78.73082737036285,67.45542292588318,39.871714968844614,77.15308053462763,60.74590504865628,63.819842492817244,82.32371477158135,45.11376769738026,24.862994767558103,0,3,1,83.17701371981144,75.04718160635969,94.85487101016821,81.33245849341607,89.7316732472288,3.2296992428862294,60.919695607691494,0,65.88,64.86,34.95,84.24,85.53,68.77,中等
CS2021161,学生161,计算机科学与技术,女,73.25628852453934,63.69244234050311,83.21910463349255,74.38541849169147,80.56742317239186,76.17837422709687,89.60570785553796,83.17719977917626,34.766738488168244,2,2,0,72.73497127841543,76.03492271355911,77.19173514333235,80.96809199349241,85.96982750166313,2.5561429930259676,74.77564893903345,0,73.58,82.7,63.91,75.06,83.47,77.07,良好
CS2021162,学生162,软件工程,男,76.86726297841936,80.11151644397141,65.39754311597221,76.29300179359404,62.639517899187865,59.472772100304695,84.30293014085906,63.699667735224764,39.096629503512666,2,1,2,67.68431388884483,58.809405925317336,64.07064304509507,63.64344958310818,72.32206180547233,3.1892503760986313,78.67443913042257,1,74.7,68.56,80.64,63.94,67.98,71.27,良好
CS2021163,学生163,计算机科学与技术,男,57.12978913239174,75.53296803234738,89.12311580057705,76.99099530412234,79.00647592564623,76.59661448212128,68.41172467821134,95.85984096369076,33.0576434221142,1,1,1,82.1827775504565,71.16570856793867,75.57763023645732,69.33545074720458,66.09669777577466,3.186868756028257,56.387261430766294,2,73.7,78.6,48.22,76.9,67.72,69.38,中等
CS2021164,学生164,软件工程,男,61.53782166097797,74.2992969452217,73.36137641779729,69.16813281622437,87.20945412464516,75.0624811676305,89.48736908976052,72.45991618741331,55.72414931837651,0,4,0,83.93832160100712,80.02086549092189,65.21961991916125,70.06706548528145,70.19537675931852,3.232155774505092,60.12259168916148,2,69.21,81.91,42.29,77.15,70.13,68.78,中等
CS2021165,学生165,计算机科学与技术,男,54.73496976973626,94.26318572774,55.40436813601712,69.06804547566163,75.10453463682992,71.25939289010758,66.45623259575747,70.6856275572601,59.64173906242051,0,3,1,74.9989347603649,66.60085216366791,70.34619714347876,74.33200011495248,96.71293453937301,3.2065075276280868,46.18802190527613,1,67.65,70.66,48.86,71.08,85.52,71.14,良好
CS2021166,学生166,软件工程,女,67.03440701068371,53.0497375489227,67.38845559290031,61.320807168482204,71.59183795179003,77.81635545286268,85.8875319883002,57.198440745365374,66.32030454252377,1,0,3,83.01396728689754,74.26636803240956,83.2215072373848,86.32361391236233,73.35567306154124,3.2098747721619687,37.19034794337705,0,62.48,74.56,76.53,80.45,79.84,74.01,良好
CS2021167,学生167,计算机科学与技术,女,72.28971720089862,66.90145697107377,58.88390827791033,93.02237963028315,74.29694370361942,86.64901951791411,79.73688997197593,65.7882340657438,43.185948065544004,0,1,1,72.24798096559614,60.83764044870348,88.12086092844388,74.65981756785266,74.57700964245163,2.5089675215946303,69.47884126846344,1,71.74,77.32,32.27,73.59,74.62,67.98,中等
CS2021168,学生168,软件工程,男,50.6714092837343,71.91688832095628,63.93370492880035,67.52755600079988,91.43304155966638,82.9288715597159,89.07592503512276,77.26661132712383,62.631265352376964,3,4,1,71.94989801067264,86.60199426620835,58.07887397847595,80.7876036797466,75.42574133559319,2.9665507211083644,65.4857442423479,0,62.67,85.77,115.05,72.18,78.11,80.73,优秀
CS2021169,学生169,软件工程,女,94.86616620385048,74.58105908998478,70.8108812380969,70.89645594859685,82.00037833479163,71.76285414968507,80.23960596519656,73.11837524482134,31.809377863302068,1,1,2,87.45293733365197,77.78982494496132,75.23847630894286,73.49298585650712,75.21769838288239,2.721492246776289,37.48802844629187,0,78.99,77.14,57.72,80.89,74.36,74.23,良好
CS2021170,学生170,网络工程,男,80.82742732149842,66.03066128988681,60.58303565537033,65.94756122130028,69.41103900768188,103.29557799472123,76.45889851147588,66.07983988703502,65.02803883823425,3,0,2,77.24483347323317,66.8693457706027,68.67048535686341,78.3908007601509,79.5855288566039,3.122033916878158,52.41613483678632,1,69.09,79.33,106.01,71.56,78.99,79.89,良好
CS2021171,学生171,计算机科学与技术,女,78.15018569678438,62.97163180985411,73.64445153848996,68.51329393584003,71.23242177441776,76.96122295339835,77.10839866037134,68.70980756178885,41.01488617869214,2,2,1,81.32862572013349,89.33151182929896,64.26389586250417,74.16965754614748,69.5245054081707,3.184886530459132,35.683537159289315,1,71.3,73.92,76.41,78.61,71.85,73.49,良好
CS2021172,学生172,信息安全,男,62.640881758494736,72.68779789963108,49.54589477424413,77.72461344508582,63.831449077073025,80.86499926464317,66.73525047514093,59.90225506528512,4.3762480249890245,3,3,1,66.29108863665954,71.0579263803595,66.15165376397036,72.89054639777407,84.92848846880197,3.092086799289338,73.18624334071346,1,64.9,68.18,86.75,67.68,78.91,73.31,良好
CS2021173,学生173,网络工程,男,86.34305971009441,55.396589144027246,73.93493542236052,89.43818796854889,67.65812673020842,78.27486291966092,67.85299700186698,88.18614951952901,83.29076386618247,1,2,2,71.88634613691703,62.020724072580705,61.34303153341462,71.8775232881535,81.0379208222252,3.0715453638701824,71.43738954166722,0,76.12,74.48,83.32,65.76,76.46,75.94,良好
CS2021174,学生174,网络工程,男,76.71426814164137,45.46042644723366,75.70486184621761,66.24947705765669,89.47914767510507,74.96982494758095,87.42102488789935,60.60741110103195,28.23925604551092,0,3,1,73.15623557202704,76.80977386721925,57.753048438709875,71.953166574943,74.78575843608013,3.4121113063557584,52.900378279452255,0,66.56,79.46,36.3,69.63,73.37,66.95,中等
CS2021175,学生175,软件工程,女,70.65799751749859,56.48596934062141,56.46435069452016,69.81662177468898,73.08454496844332,77.63020836446036,79.12490759020092,79.68697690833062,35.94947370662692,4,1,2,80.34552235857183,85.06547047630809,81.585116426744,76.42721923208245,78.40059357165718,3.0559819195048497,78.53361641098634,3,63.4,77.35,119.38,82.13,77.41,80.66,优秀
CS2021176,学生176,网络工程,女,78.71175299030257,83.05963457954914,57.43121572649717,68.68016283578083,88.08813220346812,78.06829360905343,79.02006710566867,80.63496274071471,67.97098141119399,1,1,1,66.9211861111375,65.52895031768163,73.17154298129222,83.89684573860275,75.15059506215273,3.641215334349062,58.66854269838053,1,72.47,81.37,62.19,68.38,79.52,74.42,良好
CS2021177,学生177,计算机科学与技术,女,71.78867527415579,86.79804707480659,47.32957871071797,58.0869198923835,72.03489352873802,71.92213256733899,65.85581567695819,78.02262273256288,71.47768357711395,0,4,1,80.47492453908143,83.63404199051747,69.00419786775389,75.31525390484406,81.96643423674158,3.733975057528926,54.46142071824317,1,66.69,71.35,58.59,77.98,78.64,71.12,良好
CS2021178,学生178,软件工程,男,64.1109168282658,58.99092239443809,70.51451142167167,80.16712398456978,65.60791810745164,60.740807347653686,86.91328335447152,70.07062148115774,52.35245116501445,0,6,0,83.15366321527334,69.86539009387755,59.3288942366614,74.26385948658815,77.93241296789952,3.2930574356944335,61.67996580097876,4,67.64,71.68,50.94,72.02,76.1,68.92,中等
CS2021179,学生179,信息安全,男,69.5781775962484,76.69058410732558,61.502377416963064,77.20687632647756,86.17608194054739,75.83202216087113,97.46026698422418,58.798189007105364,55.21932630684962,2,1,1,82.35329796610651,80.13051488631146,81.65153968361459,81.22929851530282,79.9254116198873,2.954658837291116,56.5110440308914,2,70.86,81.5,77.09,81.48,80.58,77.9,良好
CS2021180,学生180,软件工程,女,75.81498706661338,74.25206964661898,60.823618805474055,65.09344290573357,67.04467687866163,58.08044855913324,85.29061419499418,83.72446064966718,48.84910266878612,4,4,3,79.61966348589205,67.68521533729587,80.98209436639073,79.1323712756666,85.05655608323023,3.3995053179562826,59.96949995089088,1,69.53,73.61,149.54,76.45,82.09,86.81,优秀
CS2021181,学生181,计算机科学与技术,女,64.4627380901526,85.2069217583774,71.65628779916105,62.502278218430334,80.97794547677357,66.09320232916738,85.62029724491357,59.11855223694894,27.817395484949987,1,2,2,62.91280727297446,90.0719118499307,48.678737973446246,78.61948605932677,76.30141752371362,2.982664255937414,61.02222114480226,0,71.06,74.28,61.13,66.79,77.46,71.71,良好
CS2021182,学生182,信息安全,男,76.12243426688883,54.071055986794235,90.03589282946052,61.69789701306506,79.43300621674398,66.15479506669165,75.75761431391908,67.78892565376708,23.082463130399965,0,4,3,77.28687815334996,69.38330374982795,70.6052175729725,73.40641227654375,71.31166631969333,3.0501330632271593,60.34121243121347,0,71.2,72.68,59.23,72.91,72.36,70.22,良好
CS2021183,学生183,软件工程,男,74.09632815477916,47.59833526985648,74.77180170145189,69.91307242248345,67.09996729968786,54.30623895429029,69.27075981100748,81.57275934748617,35.52317484399442,0,1,3,81.28005473037126,67.29136517470656,65.10241245145318,77.66004836809957,68.5343054784776,3.584740625960732,52.078436327260135,1,66.8,67.45,49.21,72.23,73.1,66.72,中等
CS2021184,学生184,计算机科学与技术,男,98.87936095135342,95.30731049046727,83.51452466991061,70.50891071347502,76.08098835222913,58.357581710370724,81.92564395461773,45.04997915127275,60.027418701443736,1,3,2,85.11051146021148,83.75144217316763,71.01573011566629,73.26293755532326,90.39150565439726,3.4296360041464813,53.04945267870791,1,88.47,67.2,79.01,80.47,81.83,80.0,优秀
CS2021185,学生185,信息安全,男,78.27355130430918,75.1654605833809,56.076500909959826,66.73776152442943,78.95972917165423,78.75206264891304,79.33865265342895,78.86370099126191,16.431719163866404,4,3,0,74.90826141472226,83.09415259502464,50.00307314838484,78.23302511711563,82.82474140358688,3.625164644393629,72.04156852938468,1,69.64,79.0,101.57,69.89,80.53,79.59,良好
CS2021186,学生186,信息安全,男,81.30548384413365,78.66929870060117,86.45025021157628,58.090865282343756,85.0508945805268,68.27872451559203,76.2629054646303,42.887265045056694,51.493350656015075,2,2,1,77.79029678726101,81.01100243356845,79.1014981762413,65.3148689642098,79.85769420387331,3.0166159081081294,74.92343226620703,0,77.29,69.79,80.6,79.15,72.59,75.06,良好
CS2021187,学生187,软件工程,男,72.785210527575,87.82824082593018,40.48238748760052,57.83400803952276,72.30424175009911,73.64982217390279,81.27125437224034,60.3766723750953,64.87947887880526,1,1,0,86.41944243876347,87.0177965959038,83.86662343850722,73.00635147837755,77.3564960336807,3.397298787573924,54.26209450611012,0,65.48,72.95,50.95,85.83,75.18,69.74,中等
CS2021188,学生188,信息安全,男,89.9164671290094,64.54565154084895,86.25395449597892,79.85145437314421,79.61948941042684,77.73633573028397,75.47660176149724,46.03550941471677,22.81044596031165,1,4,2,88.41266564077972,77.61944797744738,88.93591734710216,71.5969791359209,74.60685951976465,3.4737610983034206,53.132719466692805,1,80.65,71.19,69.12,85.33,73.1,75.23,良好
CS2021189,学生189,网络工程,男,67.49357316026584,69.33551336999568,52.225820435482404,67.05913645993073,78.68138789980951,88.28951992702113,70.80121662833442,91.64373304476297,44.01298119234913,2,5,1,83.43223880630485,76.1698506340746,60.48044318378351,71.80778605673117,82.198930909645,3.5832276956475164,73.69183918441283,1,64.05,81.31,92.61,74.37,77.0,76.7,良好
CS2021190,学生190,软件工程,男,74.91900707902953,64.37545208315866,68.61452462727001,80.75806855065318,80.77197532435542,61.73851231119367,85.64101510150537,56.21640689649904,68.85891377546322,1,3,0,74.44678879826535,74.5355026751955,57.38660219620817,77.73842159672877,71.3387129694651,3.129367601289073,43.91346082010236,1,71.87,72.56,62.54,69.36,74.54,71.16,良好
CS2021191,学生191,计算机科学与技术,女,66.65898050744147,22.900616668118197,64.85785001086262,72.00450576503734,75.48805228094255,79.02910275017818,80.84590924437153,71.20815499016415,60.80631073311925,1,6,2,76.33983493447477,64.56527554873963,67.63212776857166,78.90460140170748,76.49948887968512,2.533599806483747,60.1722722212615,2,56.34,77.12,94.32,70.2,77.7,73.99,良好
CS2021192,学生192,网络工程,男,59.857773068213355,98.36603953009829,104.31859628200456,60.37168458936704,73.00861403784283,67.31579778077271,77.12471713481192,62.33772049627707,79.47734896011538,0,4,0,77.57603564477434,74.70338159573203,72.28509715206323,74.22246843122892,94.22543735523205,3.632639319842515,46.53071346075907,1,80.7,70.69,51.79,75.13,84.22,74.86,良好
CS2021193,学生193,计算机科学与技术,女,61.87177862995823,77.62748544092676,58.226415822956014,76.85136103018455,85.0584337801415,82.0770243615476,92.69531704710559,54.70604656246202,72.54486231840241,2,3,0,84.33256035678018,79.1395922518085,55.87235362948796,84.04544612641365,80.67916973276205,2.848268072797005,71.93786750974034,0,67.9,80.53,84.02,74.24,82.36,77.82,良好
CS2021194,学生194,计算机科学与技术,男,83.68386728357245,75.1505160341744,80.41026643955486,69.84238134703612,76.32225322888702,92.18109231750219,76.74689476599376,50.10448184016158,36.82466622001604,2,2,0,73.31431800067266,78.98200668421997,75.55022121489309,72.06132814148364,72.37106829658042,3.1433874248176297,78.64116294053505,2,77.96,75.17,64.73,75.69,72.22,73.47,良好
CS2021195,学生195,网络工程,女,83.91045672330173,48.70367364437467,80.7945557693572,85.70288175085716,94.75333446010654,81.63905593595206,83.61925855597687,77.15343696682399,73.35119709957394,2,1,1,74.48956408858938,74.26235116115976,68.7228152689361,74.52094066087207,88.84585208102239,3.483029318565703,51.45108062751093,1,74.69,84.61,84.34,72.69,81.68,80.02,优秀
CS2021196,学生196,计算机科学与技术,男,66.32112587069537,70.51689630448882,66.93131678920356,43.282073604622724,88.4351659698257,91.08097387644082,80.5938561884054,80.72621152619779,25.787231318702258,0,0,3,77.13476567218338,62.72118141066802,51.69456138192655,79.80239448374495,80.88978242311578,3.195498396816911,60.46299243982234,3,62.91,85.2,40.31,65.18,80.35,69.44,中等
CS2021197,学生197,计算机科学与技术,女,77.57889110386273,59.00907052737949,60.16949908402595,78.04719753826785,95.45840535879489,79.71785329638138,75.6127069361704,69.0129995744614,19.719934390125722,5,3,1,62.76111452030752,67.57320645153652,75.02792893345463,80.86117502525133,82.55735447148963,2.6490325277566664,72.34314700616954,0,68.68,80.28,132.89,67.88,81.71,84.46,优秀
CS2021198,学生198,软件工程,女,72.30110928593793,64.19878426743202,75.10073963638872,92.70059170706764,79.56697586637314,68.76690918213626,68.4640833846171,70.77899813832997,47.62384544428183,1,3,1,78.80181951551873,53.287096011637615,79.3716261595896,81.58627820428178,81.14853546299936,2.865553861943121,82.03519674553266,1,75.06,71.78,64.05,71.32,81.37,74.27,良好
CS2021199,学生199,网络工程,女,74.72524923868062,68.996023367069,69.04398536407321,60.837095146992304,75.8017098708753,77.03788128700532,82.53976493403985,64.49141336917828,79.53392081356228,2,6,1,84.74321649800821,64.68548849265635,67.99642039279989,75.21106438515996,70.36098028023291,2.7724207160078596,29.566115029164322,4,69.09,75.87,111.81,73.7,72.79,78.43,良好
CS2021200,学生200,软件工程,女,77.39379373298692,89.50992406822638,105.4106972138548,79.99899663122682,75.3628260273372,60.92716657994454,79.92636626606289,79.2301967029244,44.077488816257635,1,2,2,82.06988991933457,80.87072273515639,65.19758244153337,77.82130164969695,78.24303911810645,3.572227125058231,35.85761846215397,1,87.95,73.9,67.63,76.65,78.03,77.99,良好
